sample_index,bladder_proba,brain_proba,breast_proba,colorectal_proba,gastric_proba,leukemia_proba,liver_proba,lung_proba,pancreatic_proba,prostate_proba,renal_proba,throat_proba,true_label
0,"[0.9609495275256636, 0.039050472474336406]","[0.11, 0.89]","[0.9986164705869727, 0.0013835294130272995]","[0.9949400299307182, 0.005059970069281851]","[0.9937587855612505, 0.006241214438749462]","[0.9874286137875198, 0.012571386212480223]","[1.0, 0.0]","[0.941279714056765, 0.05872028594323496]","[1.0, 0.0]","[0.9968876839196854, 0.0031123160803145588]","[0.9878027040155739, 0.012197295984426057]","[0.81, 0.19]",brain
1,"[0.9857586697597134, 0.014241330240286643]","[0.02, 0.98]","[0.9972206478472707, 0.002779352152729253]","[0.9998418189848288, 0.000158181015171151]","[0.9951342932307281, 0.00486570676927185]","[0.9950052981969711, 0.004994701803028822]","[1.0, 0.0]","[0.9518213046186944, 0.048178695381305585]","[1.0, 0.0]","[0.9980288628263118, 0.0019711371736882413]","[0.9901831251629075, 0.00981687483709252]","[1.0, 0.0]",brain
2,"[0.919950534897596, 0.08004946510240399]","[0.62, 0.38]","[0.9996953167814326, 0.0003046832185674097]","[0.9976650976571848, 0.002334902342815137]","[0.995772540388141, 0.00422745961185896]","[0.9895328227720744, 0.010467177227925513]","[0.99, 0.01]","[0.9994550399464097, 0.000544960053590321]","[1.0, 0.0]","[0.9844340901583277, 0.015565909841672243]","[0.9996754715540037, 0.0003245284459962401]","[0.97, 0.03]",normal
3,"[0.9624728472536185, 0.03752715274638157]","[0.03, 0.97]","[0.9973763752764807, 0.0026236247235193193]","[0.9978623325775187, 0.0021376674224813305]","[0.9915167676410889, 0.008483232358911122]","[0.995308903426394, 0.004691096573606022]","[0.97, 0.03]","[0.940996944460381, 0.059003055539619015]","[1.0, 0.0]","[0.992899563058101, 0.007100436941898944]","[0.9986664197350765, 0.0013335802649234241]","[0.96, 0.04]",brain
4,"[0.9189534151292539, 0.08104658487074609]","[0.24, 0.76]","[0.9995716863410046, 0.0004283136589954657]","[0.9992360916087214, 0.0007639083912785857]","[0.9943322153377141, 0.005667784662285877]","[0.9881816107145388, 0.011818389285461178]","[0.98, 0.02]","[0.9864773116879834, 0.013522688312016607]","[1.0, 0.0]","[0.9843491088805655, 0.01565089111943455]","[0.9961759505986522, 0.0038240494013478694]","[0.94, 0.06]",normal
5,"[0.963017243015742, 0.03698275698425799]","[0.02, 0.98]","[0.3642015482896641, 0.6357984517103359]","[0.9933921820297251, 0.006607817970274902]","[0.5079660376228066, 0.49203396237719343]","[0.9950938766167082, 0.004906123383291717]","[0.75, 0.25]","[0.39299155514194895, 0.607008444858051]","[0.25, 0.75]","[0.9934549652471852, 0.0065450347528148095]","[0.8521623669450716, 0.14783763305492834]","[1.0, 0.0]",brain
6,"[0.9928732923477909, 0.007126707652209077]","[0.05, 0.95]","[0.9588861781554164, 0.04111382184458355]","[0.9964301464804035, 0.003569853519596477]","[0.9974029587353318, 0.0025970412646681724]","[0.9942267415457817, 0.005773258454218268]","[0.99, 0.01]","[0.20758284956000783, 0.7924171504399922]","[0.98, 0.02]","[0.9956781559073961, 0.00432184409260395]","[0.9828184830467407, 0.0171815169532593]","[0.98, 0.02]",brain
7,"[0.9964900561334785, 0.0035099438665215288]","[0.14, 0.86]","[0.0007903928639070301, 0.999209607136093]","[0.26683830471522085, 0.7331616952847791]","[0.0896087604320509, 0.9103912395679491]","[0.9963304902667685, 0.0036695097332315914]","[0.73, 0.27]","[0.15882263896066795, 0.841177361039332]","[0.42, 0.58]","[0.9963463597728341, 0.003653640227165905]","[0.8676663428587899, 0.1323336571412102]","[1.0, 0.0]",brain
8,"[0.9667669183535, 0.03323308164649999]","[0.0, 1.0]","[0.43889147169532694, 0.5611085283046731]","[0.9971005156655187, 0.00289948433448131]","[0.9811465304509944, 0.01885346954900561]","[0.9903089333152433, 0.009691066684756711]","[0.98, 0.02]","[0.011156274168754754, 0.9888437258312452]","[1.0, 0.0]","[0.981899268151097, 0.018100731848903016]","[0.6980697516845233, 0.3019302483154767]","[0.97, 0.03]",brain
9,"[0.9273905371120971, 0.07260946288790297]","[0.04, 0.96]","[0.9945904266588331, 0.0054095733411668795]","[0.9974731592767444, 0.0025268407232555516]","[0.6308742044125875, 0.3691257955874126]","[0.9924829474674035, 0.007517052532596459]","[0.7, 0.3]","[0.9541335526791979, 0.04586644732080212]","[0.24, 0.76]","[0.9934138080780691, 0.0065861919219308935]","[0.9841737736128501, 0.015826226387149915]","[1.0, 0.0]",brain
10,"[0.9563725600802548, 0.043627439919745103]","[0.12, 0.88]","[0.4895748877870765, 0.5104251122129235]","[0.995277362575649, 0.004722637424350976]","[0.9828739183419859, 0.017126081658014103]","[0.9898066152006856, 0.01019338479931439]","[0.97, 0.03]","[0.35472014830684373, 0.6452798516931563]","[1.0, 0.0]","[0.9911583881670091, 0.008841611832990936]","[0.9895836188214565, 0.010416381178543477]","[0.56, 0.44]",brain
11,"[0.9555928834564843, 0.04440711654351572]","[0.07, 0.93]","[0.9975735390171021, 0.002426460982897881]","[0.9981392077180297, 0.0018607922819703323]","[0.9979088626956631, 0.0020911373043368763]","[0.9893426266077047, 0.010657373392295331]","[0.96, 0.04]","[0.9585339154684133, 0.041466084531586775]","[1.0, 0.0]","[0.9969765341963778, 0.003023465803622282]","[0.9999052212876872, 9.477871231282841e-05]","[0.68, 0.32]",brain
12,"[0.9468592208343598, 0.05314077916564019]","[0.04, 0.96]","[0.8172303047470026, 0.18276969525299738]","[0.990757871159658, 0.009242128840342003]","[0.9937333820425671, 0.006266617957432941]","[0.9866780575187355, 0.013321942481264502]","[0.97, 0.03]","[0.3085435401904624, 0.6914564598095376]","[1.0, 0.0]","[0.9968287307173397, 0.003171269282660359]","[0.9975730724655751, 0.0024269275344248544]","[0.78, 0.22]",brain
13,"[0.9280846038220104, 0.07191539617798959]","[0.01, 0.99]","[0.9971684883611367, 0.002831511638863267]","[0.9980662545154231, 0.001933745484576871]","[0.7834008504553112, 0.21659914954468887]","[0.9939921968387907, 0.006007803161209313]","[0.72, 0.28]","[0.9728448934619497, 0.02715510653805028]","[0.26, 0.74]","[0.9945560358769683, 0.0054439641230317115]","[0.9839520197992025, 0.016047980200797434]","[1.0, 0.0]",brain
14,"[0.9843386660595133, 0.01566133394048672]","[0.0, 1.0]","[0.992047393135074, 0.007952606864926038]","[0.9975055475142218, 0.002494452485778123]","[0.9921337371091048, 0.007866262890895226]","[0.9883930271357289, 0.011606972864271108]","[0.99, 0.01]","[0.21399106249488453, 0.7860089375051155]","[0.99, 0.01]","[0.9937314998191881, 0.006268500180811891]","[0.8868920888601711, 0.11310791113982885]","[0.94, 0.06]",brain
15,"[0.9895796619846086, 0.010420338015391403]","[0.08, 0.92]","[0.9690994497828617, 0.030900550217138348]","[0.9993719144721197, 0.0006280855278802474]","[0.9859833098798254, 0.014016690120174558]","[0.9930774769311889, 0.006922523068811184]","[0.99, 0.01]","[0.0392254145352493, 0.9607745854647507]","[0.99, 0.01]","[0.9956831139728368, 0.004316886027163164]","[0.9996579056250835, 0.00034209437491650917]","[0.62, 0.38]",brain
16,"[0.9271606189425421, 0.07283938105745796]","[0.1, 0.9]","[0.9960391434698315, 0.003960856530168519]","[0.9964775317179084, 0.0035224682820915935]","[0.9987509558663419, 0.0012490441336580642]","[0.981207384988645, 0.018792615011354936]","[0.96, 0.04]","[0.9657859200094372, 0.03421407999056281]","[1.0, 0.0]","[0.9957415967471006, 0.004258403252899435]","[0.9995957376543386, 0.0004042623456613244]","[0.63, 0.37]",brain
17,"[0.9543938149651201, 0.04560618503487995]","[0.93, 0.07]","[7.991796840300935e-06, 0.9999920082031597]","[0.5024774429500165, 0.49752255704998344]","[0.7019005392802371, 0.29809946071976284]","[0.993694273590592, 0.006305726409407937]","[0.85, 0.15]","[0.3437688449445979, 0.6562311550554021]","[0.88, 0.12]","[0.9805504377423933, 0.01944956225760669]","[0.9728490116777537, 0.027150988322246248]","[1.0, 0.0]",breast
18,"[0.9970730060792673, 0.0029269939207327003]","[0.93, 0.07]","[0.00010528818666366568, 0.9998947118133363]","[0.8320074514484296, 0.16799254855157045]","[0.8607599379110724, 0.1392400620889276]","[0.9979544156784698, 0.0020455843215302374]","[0.96, 0.04]","[0.038406813036157006, 0.961593186963843]","[0.78, 0.22]","[0.9867631885261352, 0.013236811473864754]","[0.9998677586497735, 0.0001322413502264582]","[1.0, 0.0]",breast
19,"[0.91027720337014, 0.08972279662986009]","[0.93, 0.07]","[0.0004515439842455171, 0.9995484560157545]","[0.8594857617415763, 0.1405142382584237]","[0.6651855593891405, 0.33481444061085947]","[0.9953424877633141, 0.00465751223668584]","[0.94, 0.06]","[0.006893903132841661, 0.9931060968671583]","[0.75, 0.25]","[0.9929906978769989, 0.007009302123001056]","[0.9379906667157973, 0.062009333284202606]","[1.0, 0.0]",breast
20,"[0.993578388086408, 0.006421611913592082]","[0.9, 0.1]","[1.7405620383104115e-05, 0.9999825943796169]","[0.6592495391629363, 0.34075046083706373]","[0.6234206907546688, 0.37657930924533123]","[0.9977451391938336, 0.0022548608061664045]","[0.92, 0.08]","[0.01639757417109633, 0.9836024258289037]","[0.6, 0.4]","[0.9954987259570675, 0.004501274042932555]","[0.9105334168099573, 0.08946658319004276]","[0.99, 0.01]",breast
21,"[0.9144356419176108, 0.08556435808238917]","[0.92, 0.08]","[7.102919156887211e-05, 0.9999289708084311]","[0.7824573009261485, 0.21754269907385146]","[0.6318819908478196, 0.3681180091521804]","[0.9955032721609218, 0.004496727839078188]","[0.78, 0.22]","[0.09432901423196105, 0.905670985768039]","[0.58, 0.42]","[0.9844523355853624, 0.015547664414637608]","[0.9947919844773757, 0.005208015522624272]","[1.0, 0.0]",breast
22,"[0.9289647981798934, 0.0710352018201066]","[0.93, 0.07]","[2.429676410264925e-05, 0.9999757032358974]","[0.6864981506609991, 0.31350184933900094]","[0.47533907516244045, 0.5246609248375596]","[0.9921247939409976, 0.007875206059002405]","[0.73, 0.27]","[0.616125988644622, 0.383874011355378]","[0.78, 0.22]","[0.9872478428438226, 0.012752157156177342]","[0.9950416960628914, 0.004958303937108576]","[0.96, 0.04]",breast
23,"[0.2075418011044522, 0.7924581988955478]","[0.65, 0.35]","[0.008587745932838842, 0.9914122540671612]","[0.8547097763505207, 0.14529022364947924]","[0.6736182333771359, 0.32638176662286417]","[0.9754533484826943, 0.02454665151730572]","[0.95, 0.05]","[0.5105597229829884, 0.48944027701701165]","[0.92, 0.08]","[0.9930624853957141, 0.006937514604285954]","[0.936682774891396, 0.06331722510860402]","[1.0, 0.0]",breast
24,"[0.9985739154780275, 0.0014260845219724743]","[0.96, 0.04]","[0.003065290580054225, 0.9969347094199458]","[0.9992729177771893, 0.0007270822228107005]","[0.8934134573993655, 0.10658654260063449]","[0.9985468552931032, 0.0014531447068968594]","[0.94, 0.06]","[0.07367838732687337, 0.9263216126731266]","[0.65, 0.35]","[0.9883401697290491, 0.011659830270950834]","[0.9731343578572558, 0.026865642142744173]","[1.0, 0.0]",breast
25,"[0.9728198763471111, 0.027180123652888882]","[0.85, 0.15]","[0.12843574429841798, 0.871564255701582]","[0.9888295385827285, 0.011170461417271467]","[0.849316784208686, 0.15068321579131405]","[0.9891250873585434, 0.01087491264145658]","[0.97, 0.03]","[0.6595280167485342, 0.34047198325146577]","[0.97, 0.03]","[0.9744975938081714, 0.02550240619182865]","[0.9965524101422443, 0.003447589857755727]","[0.99, 0.01]",breast
26,"[0.8746593707676628, 0.12534062923233724]","[0.93, 0.07]","[0.00021396936545858836, 0.9997860306345414]","[0.3148243352123149, 0.6851756647876851]","[0.516033353982657, 0.48396664601734296]","[0.9868501870774771, 0.013149812922522942]","[0.83, 0.17]","[0.13245121850109198, 0.867548781498908]","[0.82, 0.18]","[0.9944075810299234, 0.00559241897007655]","[0.26830920873131503, 0.731690791268685]","[1.0, 0.0]",breast
27,"[0.81703002787417, 0.18296997212582997]","[0.89, 0.11]","[0.00037225697999621055, 0.9996277430200038]","[0.9453377591393054, 0.05466224086069462]","[0.555826223373227, 0.444173776626773]","[0.9941391196623486, 0.005860880337651417]","[0.78, 0.22]","[0.69862786261983, 0.30137213738017]","[0.64, 0.36]","[0.9951243305095268, 0.004875669490473253]","[0.9428117873110423, 0.05718821268895769]","[0.96, 0.04]",breast
28,"[0.8708244100515159, 0.12917558994848405]","[0.92, 0.08]","[0.1243103033379489, 0.8756896966620511]","[0.9909385443040988, 0.00906145569590126]","[0.8895073024669425, 0.11049269753305742]","[0.9823162753682204, 0.017683724631779568]","[0.82, 0.18]","[0.9984453543974392, 0.001554645602560781]","[0.98, 0.02]","[0.9903064490022759, 0.00969355099772403]","[0.9900666712161146, 0.009933328783885382]","[0.99, 0.01]",normal
29,"[0.9986641279368983, 0.0013358720631016585]","[0.99, 0.01]","[7.349142061585656e-05, 0.9999265085793841]","[0.9920983302030023, 0.007901669796997732]","[0.6188499711090241, 0.3811500288909759]","[0.998409138368848, 0.0015908616311520066]","[0.93, 0.07]","[0.11160283463493048, 0.8883971653650695]","[0.74, 0.26]","[0.9921418745135581, 0.00785812548644197]","[0.9642093644613731, 0.03579063553862692]","[1.0, 0.0]",breast
30,"[0.9788326074711641, 0.02116739252883588]","[0.85, 0.15]","[0.000132944949582825, 0.9998670550504172]","[0.8330816256118885, 0.1669183743881115]","[0.4694820372484032, 0.5305179627515968]","[0.9957520207564118, 0.004247979243588222]","[0.9, 0.1]","[0.12171160184041696, 0.878288398159583]","[0.84, 0.16]","[0.9763979921301528, 0.023602007869847202]","[0.6874515859659591, 0.31254841403404093]","[1.0, 0.0]",breast
31,"[0.9936883019728426, 0.006311698027157353]","[0.88, 0.12]","[0.00011742493804645093, 0.9998825750619535]","[0.8346952780400779, 0.1653047219599221]","[0.8994462515910279, 0.10055374840897213]","[0.99704316752763, 0.002956832472370032]","[0.96, 0.04]","[0.003999340197075152, 0.9960006598029248]","[0.73, 0.27]","[0.99409571761346, 0.005904282386539909]","[0.997521613927527, 0.002478386072472922]","[0.98, 0.02]",breast
32,"[0.9440870739007685, 0.05591292609923147]","[0.81, 0.19]","[0.02596143513267357, 0.9740385648673264]","[0.5782602756803681, 0.4217397243196319]","[0.8533080995589106, 0.14669190044108943]","[0.9855969857853313, 0.014403014214668719]","[0.97, 0.03]","[0.21090408135527805, 0.789095918644722]","[1.0, 0.0]","[0.9856263748400734, 0.014373625159926576]","[0.945052597970764, 0.05494740202923602]","[1.0, 0.0]",breast
33,"[0.9966046297010662, 0.0033953702989337523]","[0.93, 0.07]","[0.9975345970380107, 0.0024654029619892623]","[0.9999896176140232, 1.0382385976852001e-05]","[0.7424591225163012, 0.2575408774836988]","[0.9963756147637971, 0.0036243852362029347]","[0.89, 0.11]","[0.9997510590341818, 0.0002489409658181706]","[0.64, 0.36]","[0.9986222191305403, 0.001377780869459674]","[0.9427530520343554, 0.057246947965644564]","[1.0, 0.0]",normal
34,"[0.9869736374414437, 0.013026362558556244]","[0.92, 0.08]","[0.0003116839018488804, 0.9996883160981511]","[0.9737498155404513, 0.026250184459548697]","[0.7816729868306496, 0.2183270131693504]","[0.9961546262216177, 0.0038453737783822987]","[0.78, 0.22]","[0.67092679502854, 0.32907320497146]","[0.59, 0.41]","[0.9802773548268808, 0.01972264517311919]","[0.9982506525453485, 0.0017493474546515309]","[0.98, 0.02]",breast
35,"[0.9982822178124326, 0.0017177821875673349]","[0.92, 0.08]","[3.237028539948561e-05, 0.9999676297146005]","[0.9714939759442696, 0.028506024055730446]","[0.8482408634626007, 0.15175913653739928]","[0.9984741684452791, 0.0015258315547208969]","[0.93, 0.07]","[0.04365463106723089, 0.9563453689327691]","[0.71, 0.29]","[0.9962253139858674, 0.0037746860141325157]","[0.9745774708444997, 0.025422529155500258]","[1.0, 0.0]",breast
36,"[0.9757008395491522, 0.024299160450847738]","[0.94, 0.06]","[0.0001669725885690143, 0.999833027411431]","[0.9761482710677057, 0.023851728932294265]","[0.6424939093208883, 0.3575060906791117]","[0.9966200681598419, 0.0033799318401580383]","[0.94, 0.06]","[0.2177728842490252, 0.7822271157509748]","[0.91, 0.09]","[0.9978099064893902, 0.002190093510609833]","[0.9950346733177727, 0.0049653266822273015]","[1.0, 0.0]",breast
37,"[0.9695727789852195, 0.030427221014780424]","[0.88, 0.12]","[0.008246149415337967, 0.991753850584662]","[0.6482194758896288, 0.3517805241103712]","[0.7403267965513838, 0.25967320344861616]","[0.9949079580366544, 0.005092041963345596]","[0.95, 0.05]","[0.12920184016345282, 0.8707981598365472]","[0.74, 0.26]","[0.9946730044502591, 0.005326995549740899]","[0.4633285627212227, 0.5366714372787773]","[1.0, 0.0]",breast
38,"[0.9893986563776919, 0.010601343622308176]","[0.93, 0.07]","[0.001847532599578039, 0.998152467400422]","[0.843659324068444, 0.156340675931556]","[0.9271660745451906, 0.07283392545480934]","[0.9928528065786946, 0.007147193421305457]","[0.96, 0.04]","[0.4032632410025013, 0.5967367589974987]","[0.98, 0.02]","[0.9632517673322252, 0.03674823266777484]","[0.9265078928864788, 0.07349210711352115]","[1.0, 0.0]",breast
39,"[0.8426264540268853, 0.15737354597311468]","[0.89, 0.11]","[0.0017511145676359918, 0.998248885432364]","[0.9650340318470766, 0.03496596815292343]","[0.6126196661465358, 0.38738033385346415]","[0.9916433259773981, 0.008356674022601858]","[0.8, 0.2]","[0.8982312317009906, 0.10176876829900937]","[0.73, 0.27]","[0.9778046333116568, 0.022195366688343182]","[0.9968136447849955, 0.0031863552150045013]","[1.0, 0.0]",breast
40,"[0.8849866371162494, 0.11501336288375066]","[0.95, 0.05]","[1.4337050144086483e-05, 0.9999856629498559]","[0.5869164049789031, 0.41308359502109687]","[0.7778352082197267, 0.22216479178027324]","[0.9941587995718497, 0.005841200428150282]","[0.87, 0.13]","[0.0686984402754044, 0.9313015597245956]","[0.72, 0.28]","[0.9809337324396912, 0.019066267560308832]","[0.9850199385843396, 0.014980061415660419]","[1.0, 0.0]",breast
41,"[0.8764244625521725, 0.12357553744782741]","[0.89, 0.11]","[6.242769357778233e-05, 0.9999375723064222]","[0.699687253858928, 0.30031274614107195]","[0.8576365936251457, 0.14236340637485437]","[0.9920191914371149, 0.00798080856288512]","[0.82, 0.18]","[0.10942436583178505, 0.890575634168215]","[0.86, 0.14]","[0.9893586932758968, 0.01064130672410323]","[0.9858731259503724, 0.014126874049627685]","[1.0, 0.0]",breast
42,"[0.9854375334154788, 0.014562466584521185]","[0.91, 0.09]","[0.00036807435648822384, 0.9996319256435118]","[0.8672746187287326, 0.13272538127126746]","[0.672293505862577, 0.32770649413742303]","[0.9959382184615322, 0.0040617815384677595]","[0.87, 0.13]","[0.3242120617570595, 0.6757879382429405]","[0.69, 0.31]","[0.9902389405027752, 0.009761059497224849]","[0.9981276662185182, 0.0018723337814817197]","[1.0, 0.0]",breast
43,"[0.8890212747527879, 0.11097872524721214]","[0.91, 0.09]","[0.00010467028381977439, 0.9998953297161802]","[0.9309287779294569, 0.06907122207054302]","[0.7849021295197238, 0.21509787048027615]","[0.9923786282853975, 0.007621371714602549]","[0.82, 0.18]","[0.7612418253477824, 0.23875817465221755]","[0.9, 0.1]","[0.9781437193092111, 0.021856280690788963]","[0.9739413407621755, 0.026058659237824442]","[1.0, 0.0]",breast
44,"[0.9988502926772499, 0.0011497073227501283]","[0.91, 0.09]","[0.0002830862476761453, 0.9997169137523239]","[0.9897341304459853, 0.010265869554014699]","[0.8385634597572293, 0.16143654024277063]","[0.9979997581321948, 0.002000241867805209]","[0.97, 0.03]","[0.006570416787527011, 0.993429583212473]","[0.65, 0.35]","[0.9959720866902101, 0.004027913309789887]","[0.9809194657642387, 0.019080534235761275]","[1.0, 0.0]",breast
45,"[0.9960204011054823, 0.00397959889451769]","[0.93, 0.07]","[0.00024122746517007965, 0.9997587725348299]","[0.9827149419185087, 0.017285058081491268]","[0.5870048997008945, 0.4129951002991054]","[0.9973385155159211, 0.0026614844840788686]","[0.99, 0.01]","[0.17522822604530408, 0.8247717739546959]","[0.88, 0.12]","[0.9818879022501695, 0.018112097749830476]","[0.9882171408841822, 0.011782859115817808]","[0.96, 0.04]",breast
46,"[0.9313714159646402, 0.06862858403535978]","[0.8, 0.2]","[0.01545015508434966, 0.9845498449156503]","[0.9460323511238667, 0.053967648876133256]","[0.9033749765177265, 0.09662502348227357]","[0.9871360963558088, 0.01286390364419125]","[0.97, 0.03]","[0.386913437522438, 0.613086562477562]","[1.0, 0.0]","[0.9973587176238995, 0.0026412823761005023]","[0.9590160158361875, 0.04098398416381255]","[1.0, 0.0]",breast
47,"[0.9783046232093734, 0.021695376790626573]","[0.92, 0.08]","[0.000158160512322425, 0.9998418394876776]","[0.9099774428167688, 0.09002255718323111]","[0.8205976346521267, 0.1794023653478734]","[0.9961631783844854, 0.0038368216155146165]","[0.95, 0.05]","[0.05455073898542839, 0.9454492610145716]","[0.9, 0.1]","[0.9965919417922325, 0.003408058207767489]","[0.9848045471269115, 0.015195452873088546]","[1.0, 0.0]",breast
48,"[0.35131989351321424, 0.6486801064867858]","[0.83, 0.17]","[0.1872464580797999, 0.8127535419202001]","[0.9335282661665347, 0.06647173383346533]","[0.6750300337016011, 0.32496996629839886]","[0.9850696954455045, 0.01493030455449546]","[0.93, 0.07]","[0.6313200010870776, 0.3686799989129223]","[0.88, 0.12]","[0.9935563881539913, 0.0064436118460087285]","[0.9802499449090477, 0.01975005509095227]","[1.0, 0.0]",breast
49,"[0.845293941789508, 0.15470605821049202]","[0.86, 0.14]","[0.7653539908855406, 0.2346460091144594]","[0.0009302469485359399, 0.9990697530514641]","[0.5986033819187974, 0.40139661808120264]","[0.9910418739433792, 0.008958126056620823]","[0.99, 0.01]","[0.7972311617892971, 0.20276883821070293]","[1.0, 0.0]","[0.9985949680658341, 0.0014050319341658557]","[0.9999216637777019, 7.833622229813802e-05]","[1.0, 0.0]",colorectal
50,"[0.9657610628037185, 0.034238937196281495]","[0.97, 0.03]","[0.9999711695864244, 2.8830413575602672e-05]","[0.9819419596945096, 0.018058040305490464]","[0.9767575915457325, 0.023242408454267522]","[0.9944296903852351, 0.005570309614764882]","[0.99, 0.01]","[0.9992550919233375, 0.0007449080766624812]","[1.0, 0.0]","[0.9983953898730322, 0.0016046101269677443]","[0.9999970103122996, 2.989687700425834e-06]","[1.0, 0.0]",normal
51,"[0.9533638309389922, 0.04663616906100781]","[0.91, 0.09]","[0.9062697867365069, 0.09373021326349307]","[0.0019493627867361862, 0.9980506372132638]","[0.6125046325877097, 0.38749536741229024]","[0.995364204935853, 0.004635795064147061]","[0.97, 0.03]","[0.8585494281437744, 0.1414505718562256]","[1.0, 0.0]","[0.9971976508788724, 0.0028023491211276613]","[0.9998893888329426, 0.00011061116705740058]","[1.0, 0.0]",colorectal
52,"[0.982802560610445, 0.017197439389554932]","[0.86, 0.14]","[0.37266653199954525, 0.6273334680004548]","[0.0005833119123184183, 0.9994166880876816]","[0.7971020457304593, 0.20289795426954074]","[0.9968977997452872, 0.003102200254712789]","[0.99, 0.01]","[0.28792146010649255, 0.7120785398935074]","[0.98, 0.02]","[0.9954886159877945, 0.004511384012205536]","[0.9999439789280213, 5.602107197861015e-05]","[1.0, 0.0]",colorectal
53,"[0.9166872677005083, 0.08331273229949161]","[0.99, 0.01]","[0.9996651009683891, 0.0003348990316108494]","[0.9868568217529513, 0.013143178247048715]","[0.9742983352154536, 0.025701664784546385]","[0.9929896316244211, 0.00701036837557887]","[0.99, 0.01]","[0.9980249444821978, 0.0019750555178021474]","[1.0, 0.0]","[0.9979630808346903, 0.0020369191653097215]","[0.9999881818731918, 1.1818126808195932e-05]","[1.0, 0.0]",normal
54,"[0.9438469872010924, 0.05615301279890762]","[0.85, 0.15]","[0.6679419436392398, 0.3320580563607603]","[0.001692711107608602, 0.9983072888923914]","[0.9052682270006654, 0.09473177299933455]","[0.9958582238415179, 0.004141776158482105]","[0.99, 0.01]","[0.667499656220799, 0.332500343779201]","[0.99, 0.01]","[0.997810506653662, 0.002189493346338035]","[0.9997405044987001, 0.00025949550129990984]","[1.0, 0.0]",colorectal
55,"[0.9820122564577846, 0.01798774354221547]","[0.96, 0.04]","[0.9990875836215214, 0.0009124163784785905]","[0.0002507659409567431, 0.9997492340590433]","[0.6874531747775461, 0.3125468252224539]","[0.9928866641889574, 0.007113335811042601]","[0.93, 0.07]","[0.8168887777501215, 0.18311122224987847]","[0.95, 0.05]","[0.9980530572315769, 0.0019469427684231364]","[0.9999767242563197, 2.3275743680337354e-05]","[1.0, 0.0]",colorectal
56,"[0.916551816778646, 0.08344818322135411]","[0.92, 0.08]","[0.9719706223371338, 0.02802937766286622]","[0.0001661906700730631, 0.9998338093299269]","[0.7937639684542004, 0.2062360315457996]","[0.9930212289792335, 0.006978771020766514]","[0.98, 0.02]","[0.943903511997024, 0.056096488002976]","[1.0, 0.0]","[0.9982513201001849, 0.0017486798998150722]","[0.9999877859561471, 1.2214043852840603e-05]","[1.0, 0.0]",colorectal
57,"[0.9109865845869692, 0.08901341541303076]","[0.91, 0.09]","[0.8600004399505089, 0.1399995600494911]","[0.0002307264464445069, 0.9997692735535555]","[0.7188914467622733, 0.2811085532377266]","[0.9952932872613787, 0.004706712738621306]","[0.98, 0.02]","[0.39372270892442507, 0.6062772910755749]","[1.0, 0.0]","[0.9978724932102369, 0.00212750678976311]","[0.9999743458487448, 2.565415125523871e-05]","[0.99, 0.01]",colorectal
58,"[0.9757677243593792, 0.02423227564062075]","[0.88, 0.12]","[0.28503030458031553, 0.7149696954196845]","[0.0003994706873560183, 0.999600529312644]","[0.5203941602024902, 0.4796058397975098]","[0.9976617708236084, 0.002338229176391619]","[1.0, 0.0]","[0.3257818291304221, 0.6742181708695779]","[0.98, 0.02]","[0.9968103829461653, 0.0031896170538347444]","[0.9999587938455431, 4.120615445693056e-05]","[0.99, 0.01]",colorectal
59,"[0.9925589081067179, 0.0074410918932820815]","[0.99, 0.01]","[0.9999872145078404, 1.2785492159553656e-05]","[0.9939142673215543, 0.006085732678445708]","[0.963411063438376, 0.03658893656162398]","[0.9952758303841577, 0.004724169615842294]","[0.96, 0.04]","[0.9990078556246944, 0.0009921443753055645]","[0.98, 0.02]","[0.9976791133929643, 0.002320886607035617]","[0.9999756093150524, 2.4390684947626166e-05]","[1.0, 0.0]",normal
60,"[0.9831542188816532, 0.016845781118346767]","[0.87, 0.13]","[0.9719143181303522, 0.028085681869647734]","[0.0004486280652128416, 0.9995513719347872]","[0.6080175881435173, 0.3919824118564827]","[0.9964844294616719, 0.0035155705383280605]","[0.99, 0.01]","[0.826190109016538, 0.17380989098346195]","[1.0, 0.0]","[0.9982771839742324, 0.001722816025767616]","[0.9999927486305931, 7.251369406942782e-06]","[1.0, 0.0]",colorectal
61,"[0.9902984020030041, 0.009701597996995869]","[0.99, 0.01]","[0.9999503080330776, 4.969196692238766e-05]","[0.9850862388200355, 0.014913761179964503]","[0.9328754794982801, 0.06712452050171988]","[0.9939407729618288, 0.0060592270381711714]","[0.96, 0.04]","[0.9983817136565285, 0.0016182863434715045]","[0.99, 0.01]","[0.9981580131874852, 0.0018419868125148483]","[0.9999452791164042, 5.4720883595848796e-05]","[1.0, 0.0]",normal
62,"[0.9807775759330473, 0.019222424066952744]","[0.88, 0.12]","[0.8728268584192723, 0.12717314158072765]","[0.0008129747900346151, 0.9991870252099654]","[0.6363923896968104, 0.3636076103031895]","[0.9965119380293803, 0.003488061970619677]","[0.97, 0.03]","[0.6888893620018207, 0.3111106379981793]","[1.0, 0.0]","[0.9971807581935497, 0.0028192418064502812]","[0.9997402366126518, 0.0002597633873481944]","[1.0, 0.0]",colorectal
63,"[0.9781258734730904, 0.0218741265269096]","[0.96, 0.04]","[0.9992232958391687, 0.0007767041608313613]","[0.006590544570148293, 0.9934094554298517]","[0.7376485319046042, 0.2623514680953958]","[0.9911929630846734, 0.008807036915326631]","[0.93, 0.07]","[0.9892315762992715, 0.010768423700728462]","[0.97, 0.03]","[0.9980139770097461, 0.0019860229902538685]","[0.9999809577837053, 1.904221629464263e-05]","[1.0, 0.0]",colorectal
64,"[0.9942469288189899, 0.005753071181010045]","[0.86, 0.14]","[0.9260428187414369, 0.0739571812585631]","[0.0002844374879908962, 0.9997155625120091]","[0.7433472341116042, 0.2566527658883958]","[0.9978048192697717, 0.0021951807302282673]","[0.99, 0.01]","[0.9582504102956669, 0.04174958970433308]","[1.0, 0.0]","[0.9947503525644182, 0.00524964743558174]","[0.9998785260483672, 0.00012147395163274179]","[0.99, 0.01]",colorectal
65,"[0.9977853426265091, 0.0022146573734909436]","[0.84, 0.16]","[0.9999877930212133, 1.2206978786642568e-05]","[0.990734851382865, 0.009265148617135005]","[0.7747386197561275, 0.22526138024387254]","[0.9975081584685216, 0.0024918415314784123]","[0.74, 0.26]","[0.9981505052690678, 0.0018494947309321674]","[0.59, 0.41]","[0.9993267606050803, 0.0006732393949196826]","[0.9999468036172954, 5.319638270459236e-05]","[1.0, 0.0]",normal
66,"[0.9222386483345676, 0.07776135166543238]","[0.97, 0.03]","[0.9975716045939673, 0.0024283954060327173]","[0.0011137669586593901, 0.9988862330413406]","[0.5283575419101774, 0.4716424580898226]","[0.9874671053450418, 0.01253289465495827]","[0.92, 0.08]","[0.9701817224345864, 0.029818277565413512]","[1.0, 0.0]","[0.9984874483323622, 0.0015125516676377192]","[0.9999738006699787, 2.6199330021295713e-05]","[1.0, 0.0]",colorectal
67,"[0.9978217894809375, 0.002178210519062515]","[0.93, 0.07]","[0.510960778828075, 0.489039221171925]","[0.026240902483249173, 0.9737590975167508]","[0.9009558285652388, 0.09904417143476124]","[0.9981242323417655, 0.0018757676582345155]","[1.0, 0.0]","[0.7668974777387692, 0.23310252226123085]","[0.98, 0.02]","[0.9971517537273067, 0.0028482462726933293]","[0.9999434775726597, 5.6522427340292884e-05]","[1.0, 0.0]",colorectal
68,"[0.9876592309689343, 0.01234076903106575]","[0.98, 0.02]","[0.9998586440161347, 0.00014135598386527892]","[0.9970359560284618, 0.0029640439715381502]","[0.9758528770337178, 0.024147122966282214]","[0.997037784107519, 0.0029622158924810676]","[1.0, 0.0]","[0.9993223055194458, 0.0006776944805542492]","[1.0, 0.0]","[0.997506729162094, 0.0024932708379060108]","[0.9999939897866346, 6.010213365436465e-06]","[1.0, 0.0]",normal
69,"[0.9177712717346986, 0.08222872826530134]","[0.89, 0.11]","[0.9582786716156599, 0.04172132838434011]","[0.00010604772193023582, 0.9998939522780698]","[0.7587540030660803, 0.24124599693391965]","[0.9937910915212249, 0.006208908478775071]","[1.0, 0.0]","[0.8846584298456603, 0.1153415701543397]","[1.0, 0.0]","[0.997499145255348, 0.002500854744651967]","[0.9999848056462974, 1.519435370260369e-05]","[1.0, 0.0]",colorectal
70,"[0.9451097249318846, 0.054890275068115404]","[0.99, 0.01]","[0.9999456468260363, 5.4353173963760545e-05]","[0.9739396941379806, 0.0260603058620194]","[0.9481769673802216, 0.05182303261977836]","[0.9948184247063968, 0.005181575293603215]","[0.98, 0.02]","[0.9946270720212878, 0.005372927978712258]","[1.0, 0.0]","[0.9993913381578046, 0.0006086618421954145]","[0.9999910980740271, 8.901925972967987e-06]","[1.0, 0.0]",normal
71,"[0.9476043048165503, 0.05239569518344971]","[0.82, 0.18]","[0.9887598917341052, 0.011240108265894846]","[7.804237730091312e-05, 0.9999219576226991]","[0.6976471624909966, 0.30235283750900344]","[0.995201946447464, 0.004798053552536003]","[0.99, 0.01]","[0.9704996392450197, 0.02950036075498026]","[1.0, 0.0]","[0.995510272457128, 0.004489727542872077]","[0.9999864112025479, 1.3588797452101696e-05]","[1.0, 0.0]",colorectal
72,"[0.9941414214321094, 0.005858578567890606]","[1.0, 0.0]","[0.99993873670576, 6.126329424004986e-05]","[0.993300956795832, 0.006699043204167997]","[0.941231886698439, 0.058768113301561]","[0.9956021782333475, 0.004397821766652478]","[0.95, 0.05]","[0.9982817173559678, 0.0017182826440321527]","[0.97, 0.03]","[0.999174187859131, 0.0008258121408689877]","[0.999973557071521, 2.644292847892249e-05]","[1.0, 0.0]",normal
73,"[0.9925318761806798, 0.007468123819320173]","[0.99, 0.01]","[0.9999898456813828, 1.0154318617218468e-05]","[0.9936049869041679, 0.0063950130958321215]","[0.9615843999992263, 0.038415600000773674]","[0.9947506469558114, 0.005249353044188645]","[0.98, 0.02]","[0.9972882602184969, 0.002711739781503026]","[0.99, 0.01]","[0.999006696348267, 0.0009933036517329817]","[0.999959458493004, 4.0541506995906267e-05]","[1.0, 0.0]",normal
74,"[0.9456167854607997, 0.05438321453920021]","[0.87, 0.13]","[0.7714843835124305, 0.22851561648756943]","[0.00017985244278229118, 0.9998201475572177]","[0.658787987449523, 0.34121201255047695]","[0.9959570308112251, 0.004042969188774945]","[0.99, 0.01]","[0.7170234463608709, 0.28297655363912905]","[1.0, 0.0]","[0.9969276871406495, 0.0030723128593505484]","[0.9999650684023673, 3.493159763271653e-05]","[0.99, 0.01]",colorectal
75,"[0.9957727055439668, 0.00422729445603324]","[0.91, 0.09]","[0.9999838587138581, 1.6141286141882842e-05]","[0.9989659182020674, 0.0010340817979326113]","[0.03116616177916043, 0.9688338382208396]","[0.9955256132197674, 0.004474386780232593]","[0.76, 0.24]","[0.9974342998668956, 0.0025657001331043923]","[0.28, 0.72]","[0.9965958208673243, 0.00340417913267565]","[0.9904177113103014, 0.009582288689698595]","[1.0, 0.0]",normal
76,"[0.9826098225017241, 0.01739017749827583]","[0.92, 0.08]","[0.9998088997188505, 0.00019110028114955994]","[0.9978208007478542, 0.0021791992521458504]","[0.04433048930201644, 0.9556695106979836]","[0.9934363639295385, 0.006563636070461525]","[0.73, 0.27]","[0.9942984712047427, 0.005701528795257365]","[0.6, 0.4]","[0.9935318671689466, 0.006468132831053386]","[0.9768579116661208, 0.02314208833387925]","[1.0, 0.0]",normal
77,"[0.9966994701022386, 0.003300529897761418]","[0.92, 0.08]","[0.7634967434191453, 0.23650325658085466]","[0.9482213533515452, 0.05177864664845478]","[0.04608263012367064, 0.9539173698763294]","[0.9983425341712164, 0.001657465828783535]","[0.89, 0.11]","[0.19073005535743226, 0.8092699446425677]","[0.82, 0.18]","[0.9970730932024241, 0.002926906797575938]","[0.9992123230400158, 0.0007876769599841899]","[1.0, 0.0]",gastric
78,"[0.9937884841634606, 0.006211515836539407]","[0.92, 0.08]","[0.9995261112536313, 0.000473888746368693]","[0.9924045277270941, 0.007595472272905879]","[0.03946511947507736, 0.9605348805249226]","[0.9952799229305893, 0.004720077069410633]","[0.76, 0.24]","[0.9881559045975993, 0.011844095402400685]","[0.56, 0.44]","[0.994048404538976, 0.0059515954610239695]","[0.9995008700399635, 0.0004991299600365591]","[1.0, 0.0]",gastric
79,"[0.08223008823652445, 0.9177699117634756]","[0.96, 0.04]","[0.9946772277018661, 0.00532277229813396]","[0.9877979068366914, 0.012202093163308515]","[0.38417444399228684, 0.6158255560077132]","[0.004069592768094599, 0.9959304072319054]","[0.93, 0.07]","[0.9848856252981923, 0.015114374701807622]","[0.96, 0.04]","[0.9675770225479212, 0.032422977452078755]","[0.999780808730212, 0.00021919126978799997]","[0.98, 0.02]",leukemia
80,"[0.10997877299643855, 0.8900212270035615]","[0.93, 0.07]","[0.9953032692919522, 0.004696730708047791]","[0.9917408387748997, 0.008259161225100281]","[0.5127558708728617, 0.48724412912713827]","[0.0026149609820876885, 0.9973850390179123]","[0.91, 0.09]","[0.9831864054352301, 0.016813594564769902]","[0.98, 0.02]","[0.9775926298104266, 0.02240737018957339]","[0.9999699787351232, 3.0021264876843044e-05]","[0.98, 0.02]",normal
81,"[0.038359915465319805, 0.9616400845346802]","[0.92, 0.08]","[0.9806851513445904, 0.019314848655409576]","[0.9905708222529147, 0.009429177747085305]","[0.28417285368186784, 0.7158271463181322]","[0.0034999950468610486, 0.996500004953139]","[0.85, 0.15]","[0.978392884165167, 0.021607115834832942]","[0.98, 0.02]","[0.9810951733269618, 0.018904826673038163]","[0.9999555837250833, 4.4416274916691235e-05]","[1.0, 0.0]",leukemia
82,"[0.021458017552017705, 0.9785419824479823]","[0.95, 0.05]","[0.9921961219427631, 0.0078038780572368795]","[0.9898805821287069, 0.010119417871293074]","[0.399598840236846, 0.600401159763154]","[0.007775376296106029, 0.992224623703894]","[0.9, 0.1]","[0.9950672999668593, 0.004932700033140767]","[0.96, 0.04]","[0.9773720763071405, 0.022627923692859462]","[0.9985889005533607, 0.0014110994466392578]","[1.0, 0.0]",leukemia
83,"[0.15046077388443924, 0.8495392261155608]","[0.96, 0.04]","[0.9835430613866295, 0.016456938613370543]","[0.9950160232399261, 0.004983976760073938]","[0.29462473229954855, 0.7053752677004514]","[0.008488412179466054, 0.991511587820534]","[0.89, 0.11]","[0.9875135513560762, 0.012486448643923771]","[0.84, 0.16]","[0.9797637925082111, 0.020236207491788897]","[0.999895915179956, 0.00010408482004403549]","[1.0, 0.0]",leukemia
84,"[0.9776032046558536, 0.02239679534414638]","[0.94, 0.06]","[0.9999902351050809, 9.764894919065682e-06]","[0.9997841970228605, 0.000215802977139473]","[0.8640146734510796, 0.1359853265489204]","[0.9959967051045784, 0.004003294895421661]","[0.06, 0.94]","[0.9981830529191189, 0.0018169470808810525]","[0.71, 0.29]","[0.9982930880848275, 0.0017069119151725243]","[0.9728899361232652, 0.027110063876734775]","[1.0, 0.0]",liver
85,"[0.9703277008090285, 0.029672299190971488]","[0.9, 0.1]","[0.9999905774573178, 9.422542682159949e-06]","[0.9996423839495023, 0.000357616050497638]","[0.8171164692995287, 0.18288353070047123]","[0.9960496857958678, 0.003950314204132171]","[0.11, 0.89]","[0.9868062751842994, 0.0131937248157006]","[0.78, 0.22]","[0.9972387706848583, 0.0027612293151416775]","[0.8623772880955123, 0.13762271190448772]","[1.0, 0.0]",liver
86,"[0.8299408755096519, 0.17005912449034807]","[0.9, 0.1]","[0.9998568348588065, 0.0001431651411934664]","[0.9994771420613369, 0.0005228579386631712]","[0.664786919991263, 0.33521308000873695]","[0.99096228050198, 0.009037719498020009]","[0.02, 0.98]","[0.9709321197616271, 0.02906788023837288]","[0.8, 0.2]","[0.9885970598535413, 0.011402940146458656]","[0.9469140552710458, 0.05308594472895426]","[1.0, 0.0]",liver
87,"[0.9902631838097713, 0.00973681619022873]","[0.94, 0.06]","[0.9999923509442906, 7.649055709398728e-06]","[0.9999613520997473, 3.864790025263013e-05]","[0.8841870092328484, 0.11581299076715157]","[0.9963453776934231, 0.003654622306576914]","[0.11, 0.89]","[0.9999390716929127, 6.092830708724398e-05]","[0.87, 0.13]","[0.9978346477681085, 0.002165352231891475]","[0.980589558664854, 0.019410441335146026]","[1.0, 0.0]",liver
88,"[0.963037505805694, 0.036962494194305945]","[0.93, 0.07]","[0.9999366340337388, 6.336596626120464e-05]","[0.9979214882897041, 0.002078511710295909]","[0.7586438952453864, 0.2413561047546136]","[0.994527313530714, 0.005472686469285956]","[0.04, 0.96]","[0.9974537774758573, 0.002546222524142771]","[0.81, 0.19]","[0.9972986849738186, 0.0027013150261814304]","[0.9868307306947942, 0.013169269305205808]","[1.0, 0.0]",liver
89,"[0.9899649041863758, 0.0100350958136242]","[0.95, 0.05]","[0.9991344461892288, 0.000865553810771221]","[0.9995836908408854, 0.00041630915911456605]","[0.7787287463973678, 0.22127125360263228]","[0.996858213156232, 0.0031417868437680174]","[0.08, 0.92]","[0.9931412113024366, 0.00685878869756339]","[0.79, 0.21]","[0.9983806476311488, 0.001619352368851244]","[0.8832056676755504, 0.11679433232444963]","[1.0, 0.0]",liver
90,"[0.9978468956286106, 0.002153104371389388]","[0.95, 0.05]","[0.9999769984727187, 2.300152728126341e-05]","[0.9999409650351153, 5.903496488474036e-05]","[0.921333482404857, 0.078666517595143]","[0.9977886949101619, 0.002211305089838131]","[0.06, 0.94]","[0.9998516014887631, 0.00014839851123697167]","[0.66, 0.34]","[0.9962042465742921, 0.0037957534257078897]","[0.9965718872800368, 0.003428112719963264]","[1.0, 0.0]",liver
91,"[0.9974018030222371, 0.002598196977762876]","[0.95, 0.05]","[0.9999874801150141, 1.251988498587804e-05]","[0.9999613942086458, 3.860579135417909e-05]","[0.8690682251110258, 0.1309317748889742]","[0.9965514094868944, 0.003448590513105603]","[0.09, 0.91]","[0.9989748697066321, 0.0010251302933679213]","[0.86, 0.14]","[0.9982520005592866, 0.001747999440713408]","[0.9585945694137706, 0.04140543058622936]","[1.0, 0.0]",liver
92,"[0.955645322101514, 0.04435467789848598]","[0.93, 0.07]","[0.9999922722598672, 7.727740132828664e-06]","[0.999933682975222, 6.631702477796251e-05]","[0.9331960660890329, 0.06680393391096705]","[0.9937956413229828, 0.006204358677017221]","[0.07, 0.93]","[0.9988489154766317, 0.001151084523368291]","[0.83, 0.17]","[0.9993125021540389, 0.0006874978459611426]","[0.9880124312910505, 0.011987568708949422]","[1.0, 0.0]",liver
93,"[0.9983874957358269, 0.0016125042641731112]","[0.96, 0.04]","[0.9999947636288177, 5.236371182274012e-06]","[0.9999966977834553, 3.30221654462344e-06]","[0.9805117230285262, 0.01948827697147385]","[0.9958335801978708, 0.004166419802129196]","[1.0, 0.0]","[0.9908495844598777, 0.009150415540122308]","[0.99, 0.01]","[0.9987145560580296, 0.001285443941970387]","[0.9995996882517701, 0.0004003117482298356]","[1.0, 0.0]",normal
94,"[0.9880873315365125, 0.011912668463487507]","[0.87, 0.13]","[0.3629499187285521, 0.6370500812714479]","[0.9847082279642158, 0.015291772035784272]","[0.7661845334206412, 0.2338154665793588]","[0.9969751652812107, 0.003024834718789363]","[0.95, 0.05]","[0.0005849071502336267, 0.9994150928497664]","[0.97, 0.03]","[0.9976332460597637, 0.0023667539402363286]","[0.9989061065131877, 0.001093893486812276]","[0.99, 0.01]",lung
95,"[0.997894226151222, 0.002105773848777916]","[0.95, 0.05]","[0.9715047215997508, 0.02849527840024928]","[0.99004801947915, 0.009951980520849961]","[0.6896824290555688, 0.31031757094443124]","[0.9972972354940651, 0.0027027645059348785]","[0.97, 0.03]","[0.0014241126762819523, 0.998575887323718]","[0.97, 0.03]","[0.9991080969063988, 0.0008919030936012336]","[0.9997611944073042, 0.00023880559269587342]","[1.0, 0.0]",lung
96,"[0.9825461921063778, 0.017453807893622126]","[0.97, 0.03]","[0.9999752835218185, 2.4716478181427552e-05]","[0.9999034468936117, 9.655310638831822e-05]","[0.8278440389540107, 0.17215596104598932]","[0.9913653232343844, 0.008634676765615542]","[0.98, 0.02]","[0.993851669059344, 0.006148330940655992]","[1.0, 0.0]","[0.9928664718996987, 0.007133528100301337]","[0.9999096177956643, 9.038220433570815e-05]","[1.0, 0.0]",normal
97,"[0.9985940012032156, 0.0014059987967843912]","[0.99, 0.01]","[0.9999964407019365, 3.5592980634824516e-06]","[0.999993328122471, 6.671877529019129e-06]","[0.9882028145550013, 0.011797185444998692]","[0.9966617701721744, 0.003338229827825561]","[1.0, 0.0]","[0.9848541798502711, 0.015145820149728918]","[0.99, 0.01]","[0.9991916369636294, 0.0008083630363705477]","[0.9999260036571346, 7.399634286538469e-05]","[1.0, 0.0]",normal
98,"[0.9985690023921403, 0.0014309976078596737]","[0.99, 0.01]","[0.999996128767284, 3.871232715963735e-06]","[0.9999929261556871, 7.073844312880802e-06]","[0.923019661893968, 0.076980338106032]","[0.9978544872343724, 0.0021455127656275323]","[0.99, 0.01]","[0.9964997315965151, 0.0035002684034849793]","[0.98, 0.02]","[0.9991117821000608, 0.0008882178999391488]","[0.9999518544968015, 4.814550319851273e-05]","[1.0, 0.0]",normal
99,"[0.9986531172089417, 0.001346882791058346]","[0.98, 0.02]","[0.9999976663942525, 2.3336057475211575e-06]","[0.9999951926412839, 4.807358716117169e-06]","[0.988366215282084, 0.011633784717915959]","[0.9974037107641656, 0.002596289235834434]","[1.0, 0.0]","[0.9664350354527497, 0.03356496454725034]","[0.99, 0.01]","[0.9981430703283867, 0.0018569296716133288]","[0.999849593065001, 0.00015040693499902228]","[1.0, 0.0]",normal
100,"[0.9843227140868791, 0.015677285913120904]","[0.78, 0.22]","[0.6807100692619812, 0.31928993073801887]","[0.9758595853187995, 0.024140414681200567]","[0.6717623765295828, 0.3282376234704172]","[0.9963250890251951, 0.0036749109748048657]","[0.95, 0.05]","[0.00013402372109283522, 0.9998659762789072]","[0.97, 0.03]","[0.9994241589617472, 0.0005758410382528611]","[0.99976516924657, 0.0002348307534299563]","[0.98, 0.02]",lung
101,"[0.9981501981193404, 0.0018498018806596252]","[1.0, 0.0]","[0.9999984510952888, 1.5489047111732961e-06]","[0.9999926822608924, 7.317739107585989e-06]","[0.8658547413521582, 0.13414525864784174]","[0.9964087276111251, 0.003591272388874934]","[0.97, 0.03]","[0.9987095196200061, 0.0012904803799939463]","[0.85, 0.15]","[0.9940635728817462, 0.005936427118253788]","[0.9999093515812626, 9.064841873736663e-05]","[1.0, 0.0]",normal
102,"[0.9965852789781607, 0.00341472102183926]","[0.77, 0.23]","[0.41956893891160807, 0.5804310610883919]","[0.9890205401857123, 0.010979459814287745]","[0.9125406934443643, 0.08745930655563573]","[0.9975022985465352, 0.002497701453464887]","[1.0, 0.0]","[1.6888609116416653e-05, 0.9999831113908836]","[0.98, 0.02]","[0.9993257012246292, 0.0006742987753708821]","[0.998918960745409, 0.0010810392545910535]","[1.0, 0.0]",lung
103,"[0.9978353623906414, 0.0021646376093585407]","[0.92, 0.08]","[0.5251902567446698, 0.47480974325533015]","[0.9988317390094857, 0.0011682609905142086]","[0.7913576936084904, 0.20864230639150963]","[0.9976140500661103, 0.002385949933889751]","[0.97, 0.03]","[0.00029468425386580677, 0.9997053157461342]","[0.98, 0.02]","[0.9992343975974848, 0.0007656024025152328]","[0.998573449848571, 0.0014265501514290147]","[1.0, 0.0]",lung
104,"[0.9963895609372793, 0.003610439062720685]","[1.0, 0.0]","[0.9999957073757798, 4.292624220185755e-06]","[0.9999894832567693, 1.0516743230666599e-05]","[0.9025705817550708, 0.09742941824492926]","[0.9938716343750488, 0.006128365624951234]","[0.97, 0.03]","[0.9989024268589497, 0.001097573141050297]","[0.75, 0.25]","[0.9961211257680753, 0.0038788742319246774]","[0.9999023350235385, 9.76649764614251e-05]","[1.0, 0.0]",normal
105,"[0.9962327054925136, 0.003767294507486372]","[1.0, 0.0]","[0.865591994463997, 0.134408005536003]","[0.9910010195554945, 0.00899898044450555]","[0.696028426491244, 0.3039715735087561]","[0.9965555511439262, 0.0034444488560737845]","[0.93, 0.07]","[0.002182844780737936, 0.9978171552192621]","[0.94, 0.06]","[0.9962337104405399, 0.003766289559460108]","[0.9991808917089651, 0.0008191082910349416]","[1.0, 0.0]",lung
106,"[0.9959530631554636, 0.004046936844536401]","[1.0, 0.0]","[0.999993816159975, 6.183840024993089e-06]","[0.9999904752235287, 9.524776471309359e-06]","[0.8814928691172562, 0.11850713088274378]","[0.9932118083962995, 0.006788191603700514]","[0.96, 0.04]","[0.9990991800579186, 0.0009008199420813868]","[0.78, 0.22]","[0.9982119430029484, 0.0017880569970516772]","[0.9998575201931288, 0.00014247980687124036]","[1.0, 0.0]",normal
107,"[0.9985719337845765, 0.001428066215423481]","[0.93, 0.07]","[0.07195771165312737, 0.9280422883468726]","[0.16874002462177795, 0.831259975378222]","[0.6610186058153686, 0.33898139418463136]","[0.9975801558548594, 0.0024198441451406157]","[0.95, 0.05]","[0.0009179076188808866, 0.9990820923811191]","[0.97, 0.03]","[0.9953183430367577, 0.004681656963242292]","[0.996114930695746, 0.0038850693042540053]","[1.0, 0.0]",lung
108,"[0.9981156302292898, 0.001884369770710127]","[0.99, 0.01]","[0.9999858329907774, 1.4167009222660453e-05]","[0.9999920059266827, 7.994073317299887e-06]","[0.97897209515333, 0.021027904846670095]","[0.9973233284920067, 0.0026766715079933863]","[1.0, 0.0]","[0.9369762080976196, 0.06302379190238042]","[1.0, 0.0]","[0.998530369289502, 0.0014696307104980486]","[0.9998997365558334, 0.00010026344416655172]","[1.0, 0.0]",normal
109,"[0.9979797796869861, 0.0020202203130138346]","[0.98, 0.02]","[0.9999559342233557, 4.406577664428394e-05]","[0.9998071420279969, 0.0001928579720030477]","[0.6988478804394324, 0.30115211956056764]","[0.9938468050361514, 0.00615319496384855]","[0.94, 0.06]","[0.9906455891336838, 0.009354410866316118]","[0.93, 0.07]","[0.9917231793749083, 0.008276820625091736]","[0.9985773218656996, 0.00142267813430046]","[1.0, 0.0]",normal
110,"[0.9976045700341515, 0.002395429965848556]","[0.77, 0.23]","[0.5581017238716433, 0.44189827612835675]","[0.9739183674801121, 0.026081632519887973]","[0.9710533802964578, 0.028946619703542148]","[0.9963371594157011, 0.0036628405842989353]","[1.0, 0.0]","[2.688634580461091e-05, 0.9999731136541954]","[0.98, 0.02]","[0.9941780344055922, 0.005821965594407807]","[0.9999287678314327, 7.123216856728498e-05]","[1.0, 0.0]",lung
111,"[0.9875224447983886, 0.012477555201611451]","[0.8, 0.2]","[0.9952329255859864, 0.004767074414013602]","[0.9976543689259274, 0.002345631074072576]","[0.9569922480984586, 0.04300775190154141]","[0.9948937173393676, 0.005106282660632353]","[0.99, 0.01]","[0.000484761452728133, 0.9995152385472719]","[0.98, 0.02]","[0.9996353563214705, 0.0003646436785295012]","[0.9982634808370453, 0.001736519162954726]","[1.0, 0.0]",lung
112,"[0.9965281192035115, 0.003471880796488546]","[0.96, 0.04]","[0.9999925722525546, 7.427747445421835e-06]","[0.9999673832072098, 3.261679279025644e-05]","[0.9831772169417082, 0.016822783058291803]","[0.9966786556031123, 0.0033213443968877084]","[0.99, 0.01]","[0.8842151889718051, 0.11578481102819498]","[1.0, 0.0]","[0.9981296659137388, 0.0018703340862612505]","[0.9997795369017657, 0.00022046309823434932]","[1.0, 0.0]",normal
113,"[0.9981649254680186, 0.0018350745319813686]","[1.0, 0.0]","[0.9999981273004848, 1.872699515264231e-06]","[0.9999918686732819, 8.131326718075533e-06]","[0.9271868989716886, 0.07281310102831137]","[0.996974754831677, 0.0030252451683229864]","[0.99, 0.01]","[0.9976960412702565, 0.002303958729743494]","[0.98, 0.02]","[0.9976544123936665, 0.0023455876063334775]","[0.9998675613285529, 0.0001324386714470506]","[1.0, 0.0]",normal
114,"[0.9974151698569628, 0.00258483014303722]","[0.82, 0.18]","[0.9839537137564924, 0.01604628624350757]","[0.9987819522358024, 0.0012180477641976712]","[0.9534870254169775, 0.04651297458302252]","[0.9969260430127009, 0.003073956987299069]","[1.0, 0.0]","[8.313510492974352e-05, 0.9999168648950703]","[0.98, 0.02]","[0.9995457821557647, 0.0004542178442353035]","[0.9997718950005681, 0.0002281049994319338]","[1.0, 0.0]",lung
115,"[0.9933215006626984, 0.006678499337301549]","[0.96, 0.04]","[0.9997665639156395, 0.0002334360843604977]","[0.9999670949851418, 3.2905014858245017e-05]","[0.965988763598278, 0.034011236401721955]","[0.9956262524973547, 0.004373747502645261]","[1.0, 0.0]","[0.5256445726794654, 0.47435542732053454]","[0.99, 0.01]","[0.9982205167118484, 0.0017794832881516333]","[0.9995762688078098, 0.00042373119219023427]","[0.99, 0.01]",normal
116,"[0.9975333945531147, 0.0024666054468852625]","[0.98, 0.02]","[0.9998865796009077, 0.00011342039909238105]","[0.9995449181760132, 0.0004550818239867738]","[0.7143475571030524, 0.28565244289694763]","[0.995935226941376, 0.004064773058623921]","[0.98, 0.02]","[0.47605719491365217, 0.5239428050863478]","[0.98, 0.02]","[0.9990632715478766, 0.0009367284521234837]","[0.9992963883050955, 0.0007036116949044788]","[1.0, 0.0]",normal
117,"[0.9956266180837207, 0.004373381916279355]","[0.91, 0.09]","[0.1556760876926292, 0.8443239123073708]","[0.16832018741422505, 0.831679812585775]","[0.7486639108354712, 0.25133608916452876]","[0.9969067963489142, 0.0030932036510858117]","[0.88, 0.12]","[6.45149725116978e-05, 0.9999354850274883]","[0.88, 0.12]","[0.9945919043855088, 0.005408095614491225]","[0.9789773757932657, 0.021022624206734272]","[1.0, 0.0]",lung
118,"[0.9994724844458034, 0.0005275155541966489]","[0.96, 0.04]","[0.30764715055057146, 0.6923528494494285]","[0.9881290349555114, 0.01187096504448862]","[0.3250621832509828, 0.6749378167490172]","[0.9979293630720101, 0.002070636927989961]","[0.77, 0.23]","[0.318165028370887, 0.681834971629113]","[0.01, 0.99]","[0.9925098158944632, 0.007490184105536863]","[0.9828699343530071, 0.017130065646992886]","[1.0, 0.0]",pancreatic
119,"[0.9968131848928596, 0.00318681510714041]","[0.98, 0.02]","[0.9307418336535531, 0.06925816634644694]","[0.9777648767297833, 0.022235123270216667]","[0.23682810146268052, 0.7631718985373195]","[0.9972382524917722, 0.0027617475082277626]","[0.85, 0.15]","[0.7853617545100317, 0.21463824548996838]","[0.0, 1.0]","[0.9966457775731071, 0.0033542224268929047]","[0.9996755456064549, 0.0003244543935451047]","[1.0, 0.0]",pancreatic
120,"[0.9982889079476722, 0.0017110920523278224]","[0.99, 0.01]","[0.9765403570497426, 0.023459642950257372]","[0.9996286252100958, 0.0003713747899041867]","[0.459841861256046, 0.540158138743954]","[0.996521748103422, 0.0034782518965780036]","[0.83, 0.17]","[0.5432455683287574, 0.45675443167124263]","[0.05, 0.95]","[0.9964204767011439, 0.003579523298856117]","[0.9871841432601881, 0.012815856739811933]","[1.0, 0.0]",normal
121,"[0.9992126173534454, 0.0007873826465546515]","[0.99, 0.01]","[0.7645779164636912, 0.2354220835363088]","[0.9978081790486344, 0.0021918209513655646]","[0.41685205557813587, 0.5831479444218641]","[0.997263813945193, 0.002736186054806961]","[0.87, 0.13]","[0.20771419211653197, 0.792285807883468]","[0.01, 0.99]","[0.995941703627093, 0.00405829637290697]","[0.9987476144533302, 0.001252385546669889]","[1.0, 0.0]",pancreatic
122,"[0.999140465107829, 0.0008595348921710817]","[0.98, 0.02]","[0.015347780594566984, 0.984652219405433]","[0.4829480622650849, 0.5170519377349151]","[0.23278141072168024, 0.7672185892783198]","[0.9968793400412265, 0.0031206599587735293]","[0.78, 0.22]","[0.013610951209769961, 0.98638904879023]","[0.0, 1.0]","[0.9977208010893871, 0.0022791989106129367]","[0.9977022346854106, 0.0022977653145894086]","[1.0, 0.0]",pancreatic
123,"[0.9768421182917189, 0.023157881708281185]","[0.93, 0.07]","[0.9981646454578006, 0.0018353545421993674]","[0.9995192332139965, 0.00048076678600346586]","[0.9400394322034812, 0.05996056779651878]","[0.9949040979977422, 0.005095902002257871]","[0.82, 0.18]","[0.9967433520275374, 0.003256647972462631]","[0.96, 0.04]","[0.618027891438541, 0.381972108561459]","[0.9567497701457286, 0.043250229854271405]","[0.96, 0.04]",normal
124,"[0.9686738028796129, 0.03132619712038709]","[0.92, 0.08]","[0.9988614741709265, 0.0011385258290734599]","[0.9994847942488286, 0.0005152057511713528]","[0.9755380296239021, 0.02446197037609784]","[0.9957485369115588, 0.0042514630884411325]","[0.85, 0.15]","[0.979324772018276, 0.0206752279817241]","[0.8, 0.2]","[0.5761766303451661, 0.42382336965483397]","[0.9466847956074552, 0.05331520439254483]","[1.0, 0.0]",normal
125,"[0.9600430086741992, 0.039956991325800766]","[0.93, 0.07]","[0.997620719030331, 0.0023792809696690175]","[0.9968199555049512, 0.003180044495048797]","[0.9100626074429724, 0.08993739255702761]","[0.9931253081234944, 0.006874691876505629]","[0.87, 0.13]","[0.9758153322285414, 0.02418466777145854]","[0.86, 0.14]","[0.0012266739326801668, 0.9987733260673198]","[0.9854912364851212, 0.014508763514878875]","[1.0, 0.0]",prostate
126,"[0.9974188316031383, 0.002581168396861715]","[0.89, 0.11]","[0.21485348239114, 0.78514651760886]","[0.9892650344371225, 0.01073496556287745]","[0.8146011031223538, 0.18539889687764624]","[0.998373871168226, 0.0016261288317740816]","[0.94, 0.06]","[0.7023368250634625, 0.2976631749365375]","[0.93, 0.07]","[0.05230553527292303, 0.947694464727077]","[0.9919066065528828, 0.008093393447117216]","[1.0, 0.0]",prostate
127,"[0.989889132829128, 0.010110867170871904]","[0.81, 0.19]","[0.9863503692582546, 0.013649630741745392]","[0.9977564759011877, 0.0022435240988123804]","[0.6809874601525011, 0.3190125398474989]","[0.9961278117204211, 0.0038721882795789437]","[0.84, 0.16]","[0.5220733870063534, 0.47792661299364664]","[0.85, 0.15]","[0.02064885647342385, 0.9793511435265762]","[0.9712921681857919, 0.02870783181420812]","[1.0, 0.0]",prostate
128,"[0.9857272364478709, 0.014272763552129161]","[0.93, 0.07]","[0.9991486672845716, 0.0008513327154283674]","[0.9995757380285043, 0.00042426197149567215]","[0.9484432852691425, 0.05155671473085758]","[0.9947419337964092, 0.005258066203590816]","[0.9, 0.1]","[0.9803745950324894, 0.019625404967510588]","[0.82, 0.18]","[0.05289894855158983, 0.9471010514484102]","[0.9681884617796572, 0.03181153822034272]","[1.0, 0.0]",normal
129,"[0.9688673187873205, 0.031132681212679515]","[0.93, 0.07]","[0.9979982304760121, 0.00200176952398792]","[0.9972930887309855, 0.002706911269014432]","[0.9141002639513068, 0.08589973604869314]","[0.9928588603100326, 0.007141139689967381]","[0.86, 0.14]","[0.9728384727068959, 0.02716152729310407]","[0.98, 0.02]","[0.0039056544854063624, 0.9960943455145936]","[0.9885450075154127, 0.011454992484587243]","[1.0, 0.0]",prostate
130,"[0.9005554107314567, 0.09944458926854327]","[0.95, 0.05]","[0.9975581836730454, 0.0024418163269545757]","[0.9964798757548837, 0.0035201242451162493]","[0.8658314658129865, 0.1341685341870135]","[0.9872778190310273, 0.012722180968972726]","[0.83, 0.17]","[0.9958478602484931, 0.0041521397515069]","[0.97, 0.03]","[0.0033851984398483026, 0.9966148015601517]","[0.9852523920895729, 0.014747607910427028]","[1.0, 0.0]",prostate
131,"[0.987307803410929, 0.012692196589070944]","[0.96, 0.04]","[0.9995479682151768, 0.0004520317848232657]","[0.9957586600871405, 0.004241339912859496]","[0.6776100054724432, 0.32238999452755684]","[0.9957184288779607, 0.0042815711220392984]","[0.9, 0.1]","[0.9717233242405622, 0.0282766757594378]","[0.88, 0.12]","[0.9958876800807932, 0.004112319919206803]","[0.00754391138411592, 0.9924560886158841]","[1.0, 0.0]",renal
132,"[0.9975473567185175, 0.0024526432814825764]","[1.0, 0.0]","[0.9999936462060867, 6.353793913309436e-06]","[0.9999862072898734, 1.3792710126621154e-05]","[0.9590652934784015, 0.040934706521598425]","[0.9961023909336576, 0.0038976090663423737]","[0.96, 0.04]","[0.9994440236500607, 0.0005559763499393069]","[0.99, 0.01]","[0.9996038817060127, 0.00039611829398736255]","[0.6219031510333228, 0.37809684896667717]","[1.0, 0.0]",normal
133,"[0.9884814151239093, 0.011518584876090669]","[0.99, 0.01]","[0.9999406520054143, 5.934799458571676e-05]","[0.999902049604326, 9.795039567398282e-05]","[0.9656384253986718, 0.03436157460132821]","[0.993635208398826, 0.006364791601173994]","[1.0, 0.0]","[0.9991897967744938, 0.0008102032255061328]","[1.0, 0.0]","[0.9994763040329936, 0.0005236959670064399]","[0.737126325230242, 0.262873674769758]","[1.0, 0.0]",normal
134,"[0.9721578684356947, 0.027842131564305293]","[0.94, 0.06]","[0.9962272372773298, 0.003772762722670228]","[0.9964067124902093, 0.003593287509790727]","[0.8277478322785198, 0.17225216772148025]","[0.9952599102395809, 0.004740089760419065]","[0.93, 0.07]","[0.9899454622832708, 0.010054537716729135]","[0.94, 0.06]","[0.9959257128435417, 0.004074287156458305]","[0.02084091172585989, 0.9791590882741401]","[1.0, 0.0]",renal
135,"[0.9981200050895813, 0.0018799949104186672]","[0.93, 0.07]","[0.9973256336184038, 0.0026743663815962278]","[0.9995409381390086, 0.0004590618609914662]","[0.8810277725231388, 0.11897222747686119]","[0.9970419830876809, 0.0029580169123190883]","[0.92, 0.08]","[0.9829241354950531, 0.017075864504946865]","[0.88, 0.12]","[0.9984865674669242, 0.0015134325330758206]","[0.039431842827846286, 0.9605681571721537]","[1.0, 0.0]",renal
136,"[0.9990432431574802, 0.0009567568425198573]","[0.97, 0.03]","[0.999899828539652, 0.00010017146034802474]","[0.9999908926218398, 9.107378160143278e-06]","[0.8355239527355622, 0.16447604726443774]","[0.9976672979282196, 0.002332702071780422]","[0.95, 0.05]","[0.999618879740522, 0.0003811202594780134]","[0.5, 0.5]","[0.9914132331973222, 0.00858676680267778]","[0.3328503028487594, 0.6671496971512406]","[1.0, 0.0]",normal
137,"[0.9968057270378381, 0.0031942729621619575]","[0.99, 0.01]","[0.9999740116846881, 2.598831531187889e-05]","[0.9999752128688414, 2.4787131158646564e-05]","[0.9768728428139345, 0.023127157186065495]","[0.9962597653450753, 0.003740234654924643]","[0.96, 0.04]","[0.9994931898928267, 0.0005068101071734024]","[1.0, 0.0]","[0.9994762854554949, 0.000523714544505059]","[0.7153958223118808, 0.28460417768811913]","[1.0, 0.0]",normal
138,"[0.9894921871169693, 0.010507812883030739]","[0.97, 0.03]","[0.9999921703855783, 7.829614421693774e-06]","[0.9998959746042688, 0.00010402539573117131]","[0.9890657748362414, 0.010934225163758688]","[0.9945528575364706, 0.005447142463529346]","[0.99, 0.01]","[0.9993543393233346, 0.000645660676665383]","[1.0, 0.0]","[0.9994354099293742, 0.0005645900706257921]","[0.706574064714715, 0.293425935285285]","[1.0, 0.0]",normal
139,"[0.9950204757686228, 0.004979524231377112]","[0.98, 0.02]","[0.9999590146695608, 4.0985330439142725e-05]","[0.9999498108649011, 5.0189135098919854e-05]","[0.9814643501494087, 0.018535649850591276]","[0.9963487546273913, 0.0036512453726087225]","[0.97, 0.03]","[0.9995286486534947, 0.0004713513465053782]","[0.91, 0.09]","[0.9996262583139174, 0.0003737416860825898]","[0.7255547857251687, 0.2744452142748313]","[1.0, 0.0]",normal
140,"[0.996173937645082, 0.0038260623549180575]","[1.0, 0.0]","[0.9999678116617107, 3.218833828927925e-05]","[0.9999686124119532, 3.1387588046792836e-05]","[0.9546141157510044, 0.04538588424899564]","[0.9960886827651029, 0.003911317234897168]","[0.99, 0.01]","[0.9995754642998937, 0.000424535700106288]","[0.98, 0.02]","[0.9997083288767447, 0.0002916711232553642]","[0.8987419032243414, 0.10125809677565854]","[1.0, 0.0]",normal
141,"[0.9596930565742232, 0.0403069434257768]","[0.94, 0.06]","[0.9996721549408881, 0.0003278450591118913]","[0.9973393549062031, 0.0026606450937969707]","[0.8902927382847852, 0.10970726171521478]","[0.9949777221512279, 0.005022277848772029]","[0.9, 0.1]","[0.9582120041211158, 0.04178799587888416]","[0.96, 0.04]","[0.99603796326652, 0.003962036733479899]","[0.005497897349692749, 0.9945021026503073]","[1.0, 0.0]",renal
142,"[0.9929290418346869, 0.00707095816531309]","[0.92, 0.08]","[0.9959623851367058, 0.00403761486329429]","[0.9982611810072559, 0.0017388189927440541]","[0.920578620894923, 0.07942137910507699]","[0.9956817952371668, 0.004318204762833144]","[0.91, 0.09]","[0.9159350745685472, 0.0840649254314528]","[0.96, 0.04]","[0.9959353242465183, 0.004064675753481656]","[0.003732955705797125, 0.9962670442942029]","[1.0, 0.0]",renal
143,"[0.9972369538946751, 0.0027630461053248312]","[0.95, 0.05]","[0.9986312868713889, 0.001368713128611065]","[0.9999025847050806, 9.741529491933001e-05]","[0.7844977454257265, 0.21550225457427352]","[0.9976114326249811, 0.0023885673750189333]","[0.89, 0.11]","[0.9661979223965845, 0.03380207760341542]","[0.7, 0.3]","[0.9986840896894005, 0.0013159103105994977]","[0.014493635444918218, 0.9855063645550818]","[1.0, 0.0]",normal
144,"[0.9885399841610328, 0.011460015838967129]","[0.97, 0.03]","[0.9998019716144186, 0.00019802838558132595]","[0.9995989838355481, 0.00040101616445188584]","[0.717236227840723, 0.28276377215927695]","[0.9959928811069408, 0.004007118893059119]","[0.88, 0.12]","[0.9954929376875304, 0.004507062312469559]","[0.66, 0.34]","[0.9921567524277454, 0.0078432475722546]","[0.06455105721896448, 0.9354489427810355]","[1.0, 0.0]",renal
145,"[0.9978219299090412, 0.0021780700909588176]","[0.99, 0.01]","[0.9999846676122013, 1.5332387798672628e-05]","[0.9999879311582909, 1.206884170909311e-05]","[0.9675868665333359, 0.032413133466664044]","[0.996858153692445, 0.0031418463075549657]","[0.95, 0.05]","[0.9997292661769681, 0.00027073382303186125]","[0.88, 0.12]","[0.9996204247298777, 0.00037957527012231584]","[0.8083309939192009, 0.191669006080799]","[1.0, 0.0]",normal
146,"[0.9964214521423378, 0.0035785478576622195]","[1.0, 0.0]","[0.9999844424132729, 1.5557586727142525e-05]","[0.9999857352274049, 1.4264772595101394e-05]","[0.9584819529942149, 0.041518047005785076]","[0.9957001279543903, 0.004299872045609689]","[0.95, 0.05]","[0.9993800910697775, 0.0006199089302224061]","[0.97, 0.03]","[0.9998295263782656, 0.0001704736217344306]","[0.6696279669901876, 0.33037203300981244]","[1.0, 0.0]",normal
147,"[0.9965235219407126, 0.0034764780592874615]","[1.0, 0.0]","[0.9999619740468878, 3.802595311219371e-05]","[0.9999746059642343, 2.5394035765686092e-05]","[0.9772736437076129, 0.022726356292387066]","[0.9968757434746679, 0.003124256525332127]","[0.96, 0.04]","[0.9994440003188432, 0.0005559996811567757]","[0.97, 0.03]","[0.9995481739961586, 0.0004518260038413659]","[0.6347454239597828, 0.36525457604021716]","[1.0, 0.0]",normal
148,"[0.969870520148913, 0.030129479851087094]","[0.86, 0.14]","[0.25053129516388106, 0.7494687048361189]","[0.49403264879410536, 0.5059673512058946]","[0.9971331772247265, 0.0028668227752734793]","[0.9951552733193171, 0.004844726680682968]","[0.98, 0.02]","[0.7246306892718598, 0.2753693107281402]","[0.97, 0.03]","[0.997841830545008, 0.002158169454991999]","[0.9994098028722961, 0.0005901971277039155]","[0.02, 0.98]",throat
149,"[0.9985577289720403, 0.0014422710279596842]","[0.89, 0.11]","[0.9956110126991871, 0.004388987300812965]","[0.9983251800473683, 0.0016748199526317139]","[0.9958199193011786, 0.004180080698821388]","[0.997945441475922, 0.002054558524078018]","[0.99, 0.01]","[0.9764055852990562, 0.023594414700943825]","[1.0, 0.0]","[0.9985882835772776, 0.0014117164227224626]","[0.999958997635608, 4.100236439195559e-05]","[0.12, 0.88]",normal
150,"[0.9742883457594738, 0.025711654240526256]","[0.74, 0.26]","[0.11481687381892547, 0.8851831261810745]","[0.34373920172969497, 0.656260798270305]","[0.9592481949538166, 0.04075180504618335]","[0.9895864231946315, 0.01041357680536852]","[0.99, 0.01]","[0.058003209543360135, 0.9419967904566399]","[0.97, 0.03]","[0.9661023741263579, 0.03389762587364209]","[0.9881691167157728, 0.01183088328422716]","[0.05, 0.95]",throat
151,"[0.8026127681923502, 0.19738723180764986]","[0.93, 0.07]","[0.9858114761702773, 0.014188523829722717]","[0.9897682772239431, 0.010231722776056875]","[0.9827173941475732, 0.01728260585242676]","[0.9807296438295787, 0.019270356170421242]","[0.99, 0.01]","[0.9782284785305727, 0.021771521469427284]","[0.99, 0.01]","[0.9559557722799238, 0.044044227720076226]","[0.9998136451354785, 0.00018635486452146972]","[0.01, 0.99]",normal
152,"[0.9872038357806863, 0.01279616421931377]","[0.93, 0.07]","[0.9872440852763292, 0.012755914723670745]","[0.9878043706649927, 0.012195629335007315]","[0.9970807064607469, 0.002919293539253169]","[0.996681931160264, 0.0033180688397359604]","[0.99, 0.01]","[0.7467320173542807, 0.25326798264571926]","[0.99, 0.01]","[0.9966568878755984, 0.0033431121244016856]","[0.9998645712087387, 0.00013542879126129316]","[0.04, 0.96]",normal
153,"[0.9409561689195843, 0.059043831080415644]","[0.8, 0.2]","[0.5298827136797392, 0.47011728632026084]","[0.8132676747457729, 0.18673232525422712]","[0.9965601207671432, 0.003439879232856821]","[0.9931664903246598, 0.006833509675340191]","[0.98, 0.02]","[0.4246693258343599, 0.5753306741656401]","[0.99, 0.01]","[0.9982107036126766, 0.001789296387323442]","[0.9983794097561193, 0.0016205902438807271]","[0.05, 0.95]",throat
154,"[0.861323919273224, 0.13867608072677595]","[0.92, 0.08]","[0.535062132504623, 0.464937867495377]","[0.8256872047575523, 0.17431279524244767]","[0.9920201374089753, 0.007979862591024626]","[0.9795308034472325, 0.02046919655276751]","[0.99, 0.01]","[0.9589179867655255, 0.041082013234474524]","[0.99, 0.01]","[0.9564310181375966, 0.04356898186240348]","[0.9992540134289999, 0.0007459865710000642]","[0.06, 0.94]",throat
155,"[0.9451958957619043, 0.05480410423809568]","[0.8, 0.2]","[0.2594102064183301, 0.7405897935816699]","[0.40461961530691715, 0.5953803846930829]","[0.9958163042022776, 0.004183695797722335]","[0.9941981517673283, 0.0058018482326716875]","[0.99, 0.01]","[0.4519929084718407, 0.5480070915281593]","[0.99, 0.01]","[0.9977093878093877, 0.002290612190612318]","[0.9931358356815962, 0.006864164318403699]","[0.0, 1.0]",throat
156,"[0.9930974008100233, 0.006902599189976665]","[0.84, 0.16]","[0.9993024634356865, 0.0006975365643134874]","[0.9997878568399831, 0.0002121431600169342]","[0.9987943726414096, 0.0012056273585904216]","[0.9936208744310686, 0.006379125568931381]","[0.99, 0.01]","[0.9946476770155275, 0.0053523229844725595]","[1.0, 0.0]","[0.9965499339357483, 0.003450066064251727]","[0.9997756692670372, 0.00022433073296278345]","[0.07, 0.93]",throat
157,"[0.9963343124209882, 0.0036656875790117044]","[0.85, 0.15]","[0.9215124850362892, 0.07848751496371072]","[0.9989700324305846, 0.0010299675694154767]","[0.9971154533307699, 0.002884546669230096]","[0.9977524207924884, 0.002247579207511567]","[1.0, 0.0]","[0.4452760955329568, 0.5547239044670432]","[0.97, 0.03]","[0.9976326506307384, 0.0023673493692616615]","[0.9954859104800238, 0.004514089519976265]","[0.2, 0.8]",throat
158,"[0.9949508779978916, 0.005049122002108434]","[0.88, 0.12]","[0.9994049200742221, 0.0005950799257778754]","[0.9996593734221036, 0.00034062657789632884]","[0.9982498176720914, 0.0017501823279085992]","[0.9957858845892489, 0.0042141154107511476]","[1.0, 0.0]","[0.9920154065377179, 0.00798459346228205]","[1.0, 0.0]","[0.996909927677154, 0.0030900723228459315]","[0.9994964156650532, 0.0005035843349468328]","[0.06, 0.94]",normal
159,"[0.9961760792247232, 0.0038239207752768494]","[0.73, 0.27]","[0.018683863014774982, 0.981316136985225]","[0.5596151274870085, 0.4403848725129915]","[0.9950298465463092, 0.00497015345369075]","[0.99719496772627, 0.002805032273729977]","[1.0, 0.0]","[0.013223623582388377, 0.9867763764176116]","[0.97, 0.03]","[0.9975275407552852, 0.002472459244714817]","[0.9866536172044439, 0.01334638279555611]","[0.0, 1.0]",throat
160,"[0.9873826135803895, 0.012617386419610488]","[0.77, 0.23]","[0.5475689652226359, 0.4524310347773641]","[0.5315544266119925, 0.4684455733880076]","[0.9942691263268514, 0.005730873673148568]","[0.9966322711075233, 0.003367728892476691]","[0.98, 0.02]","[0.6656226718750423, 0.3343773281249577]","[0.97, 0.03]","[0.9957145961810625, 0.00428540381893747]","[0.995606423561778, 0.004393576438222045]","[0.06, 0.94]",throat
161,"[0.9932138968994497, 0.0067861031005502885]","[0.88, 0.12]","[0.9949565796101991, 0.005043420389800851]","[0.9941027999169291, 0.005897200083070905]","[0.9967849770923034, 0.0032150229076966406]","[0.9967426969155853, 0.0032573030844147595]","[1.0, 0.0]","[0.8552655068205941, 0.14473449317940595]","[0.99, 0.01]","[0.997190985381136, 0.0028090146188639036]","[0.9987363832283076, 0.0012636167716924178]","[0.0, 1.0]",throat
162,"[0.02505315279614717, 0.9749468472038528]","[0.77, 0.23]","[0.9760908679775576, 0.023909132022442412]","[0.6915136463111013, 0.3084863536888986]","[0.352226944474046, 0.647773055525954]","[0.9211954835352012, 0.07880451646479879]","[0.55, 0.45]","[0.9766056797929765, 0.023394320207023436]","[0.24, 0.76]","[0.9846075265538383, 0.015392473446161688]","[0.9975052402160313, 0.002494759783968693]","[1.0, 0.0]",bladder
163,"[0.015051992703973394, 0.9849480072960266]","[0.85, 0.15]","[0.7072699585131093, 0.2927300414868907]","[0.8018774752025042, 0.1981225247974958]","[0.9484752274587428, 0.051524772541257195]","[0.6352411309740276, 0.3647588690259725]","[0.59, 0.41]","[0.6851077338054979, 0.31489226619450206]","[0.73, 0.27]","[0.9467418772257871, 0.05325812277421294]","[0.9845093557268492, 0.015490644273150854]","[0.99, 0.01]",bladder
164,"[0.03213763167494332, 0.9678623683250567]","[0.77, 0.23]","[0.9838469939724737, 0.016153006027526354]","[0.6944178801440586, 0.30558211985594147]","[0.3350384921831937, 0.6649615078168063]","[0.8094768274277897, 0.19052317257221024]","[0.59, 0.41]","[0.9193300410752356, 0.08066995892476439]","[0.53, 0.47]","[0.9601685462716153, 0.039831453728384744]","[0.9862682924588161, 0.013731707541183937]","[0.98, 0.02]",bladder
165,"[0.0737326292098962, 0.9262673707901038]","[0.79, 0.21]","[0.9700755090803845, 0.029924490919615427]","[0.7252735933320604, 0.27472640666793957]","[0.2755386501429645, 0.7244613498570355]","[0.9284389011095318, 0.07156109889046826]","[0.57, 0.43]","[0.9942843168652093, 0.005715683134790684]","[0.34, 0.66]","[0.9815699288151009, 0.018430071184899158]","[0.9848595037651571, 0.015140496234842904]","[1.0, 0.0]",bladder
166,"[0.01727305775060628, 0.9827269422493937]","[0.85, 0.15]","[0.5899344678152689, 0.4100655321847311]","[0.8028557865666953, 0.19714421343330468]","[0.9914376802333557, 0.00856231976664436]","[0.618133340367067, 0.3818666596329329]","[0.61, 0.39]","[0.7368057399626351, 0.26319426003736496]","[0.76, 0.24]","[0.9466633989907034, 0.05333660100929663]","[0.9872828173923153, 0.012717182607684717]","[0.98, 0.02]",bladder
167,"[0.017899832579787445, 0.9821001674202126]","[0.82, 0.18]","[0.6137311292650239, 0.38626887073497607]","[0.8251359362552984, 0.17486406374470168]","[0.5609613018702448, 0.43903869812975516]","[0.7307336772271638, 0.2692663227728363]","[0.59, 0.41]","[0.864186285320343, 0.13581371467965703]","[0.69, 0.31]","[0.9509429751696572, 0.04905702483034284]","[0.9714004471505898, 0.028599552849410174]","[0.98, 0.02]",normal
168,"[0.020366971500274778, 0.9796330284997252]","[0.83, 0.17]","[0.9185560839008882, 0.08144391609911183]","[0.7712380388745943, 0.22876196112540576]","[0.5497575176695437, 0.4502424823304562]","[0.6152934929848752, 0.3847065070151247]","[0.59, 0.41]","[0.7588469032317098, 0.24115309676829022]","[0.8, 0.2]","[0.9600262517256793, 0.03997374827432064]","[0.9864835153074049, 0.013516484692595143]","[0.98, 0.02]",normal
169,"[0.017910343580950228, 0.9820896564190498]","[0.82, 0.18]","[0.9411588093735951, 0.058841190626404895]","[0.8360863539254295, 0.16391364607457054]","[0.6502207626202994, 0.3497792373797007]","[0.7960600339203384, 0.20393996607966156]","[0.54, 0.46]","[0.9059549897701882, 0.09404501022981183]","[0.44, 0.56]","[0.9770710822329162, 0.022928917767083865]","[0.9980603112700093, 0.0019396887299907239]","[0.98, 0.02]",normal
